<?xml version="1.0" encoding="UTF-8"?>
<beans:beans xmlns="http://www.springframework.org/schema/mvc"
	xmlns:xsi="http://www.w3.org/2001/XMLSchema-instance"
	xmlns:beans="http://www.springframework.org/schema/beans"
	xmlns:context="http://www.springframework.org/schema/context"
	xsi:schemaLocation="http://www.springframework.org/schema/mvc https://www.springframework.org/schema/mvc/spring-mvc.xsd
		http://www.springframework.org/schema/beans https://www.springframework.org/schema/beans/spring-beans.xsd
		http://www.springframework.org/schema/context https://www.springframework.org/schema/context/spring-context.xsd">


	<annotation-driven />

	<resources mapping="/resources/**" location="/resources/" />

	<!-- Resolves views selected for rendering by @Controllers to .jsp resources in the /WEB-INF/views directory -->
	<beans:bean class="org.springframework.web.servlet.view.InternalResourceViewResolver">
		<beans:property name="prefix" value="/WEB-INF/views/" />
		<beans:property name="suffix" value=".jsp" />
	</beans:bean>
	
	<context:component-scan base-package="com.spring.*" />
	
		<!-- 파일 업로드 -->
	<!-- 반드시 id를 multipartResolver로 선언 
	 Multipart 형식으로 전달되는 데이터를 스프링 mvc에서 사용할 수 있도록 변환해 주는 객체-->
	<beans:bean id="multipartResolver" class="org.springframework.web.multipart.commons.CommonsMultipartResolver">
		
		<!-- 최대 업로드 가능한 바이트 크기 (바이트단위), -1은 제한이 없음을 의미 -->
		<beans:property name="maxUploadSize" value="10485760" />
		
		<!-- 업로드 요청을 변환할 때 사용할 문자 인코딩 방식 -->
		<beans:property name="defaultEncoding" value="utf-8" />
	
	</beans:bean>
	
	
	
	
</beans:beans>
