<?xml version="1.0" encoding="UTF-8"?>
<!DOCTYPE mapper
  PUBLIC "-//mybatis.org//DTD Mapper 3.0//EN"
  "http://mybatis.org/dtd/mybatis-3-mapper.dtd">
  
<mapper namespace="com.spring.wefit.dietboard.mapper.IDietReplyMapper">
	  
	  <insert id="replyRegist">
	  INSERT INTO DietReply
	  (
	  	drNum, dbNum, drContent, mNum, starScore
	  )
	  VALUES
	  (
	  	dietReply_seq,NEXTVAL, #{drNum}, #{dbNum}, 
	  	#{drContent}, #{mNum}
	  )
	  </insert>
	  
	  
	  <select id="getList">
		SELECT * FROM DietReply
		WHERE drNum = #{drNum}
		ORDER BY drNum DESC
	  </select>

	  <update id="update">
	  	UPDATE DietReply
	  	SET
	  	drContent = #{drContent}
	  	WHERE drNum = #{drNum}
	  </update>
	  
	  
	  <delete id="delete">
	  	DELETE FROM DietReply
		WHERE drNum = #{drNum}
	  </delete>
	  
	  
	  <select id="getTotal" resultType="int">
	  	SELECT COUNT(*) FROM DietReply
		WHERE dbNum = #{dbNum}
	  </select>
	  
	  
	  
	  
</mapper>